Element	complex-type	Element	true
Resource	resource	Resource	true
Account	resource	Account	false
ActivityDefinition	resource	ActivityDefinition	false
Address	complex-type	Address	false
AdverseEvent	resource	AdverseEvent	false
Age	complex-type	Age	false
AllergyIntolerance	resource	AllergyIntolerance	false
Annotation	complex-type	Annotation	false
Appointment	resource	Appointment	false
AppointmentResponse	resource	AppointmentResponse	false
Attachment	complex-type	Attachment	false
AuditEvent	resource	AuditEvent	false
BackboneElement	complex-type	BackboneElement	true
Basic	resource	Basic	false
Binary	resource	Binary	false
BiologicallyDerivedProduct	resource	BiologicallyDerivedProduct	false
BodyStructure	resource	BodyStructure	false
Bundle	resource	Bundle	false
CapabilityStatement	resource	CapabilityStatement	false
CarePlan	resource	CarePlan	false
CareTeam	resource	CareTeam	false
CatalogEntry	resource	CatalogEntry	false
ChargeItem	resource	ChargeItem	false
ChargeItemDefinition	resource	ChargeItemDefinition	false
Claim	resource	Claim	false
ClaimResponse	resource	ClaimResponse	false
ClinicalImpression	resource	ClinicalImpression	false
CodeSystem	resource	CodeSystem	false
CodeableConcept	complex-type	CodeableConcept	false
Coding	complex-type	Coding	false
Communication	resource	Communication	false
CommunicationRequest	resource	CommunicationRequest	false
CompartmentDefinition	resource	CompartmentDefinition	false
Composition	resource	Composition	false
ConceptMap	resource	ConceptMap	false
Condition	resource	Condition	false
Consent	resource	Consent	false
ContactDetail	complex-type	ContactDetail	false
ContactPoint	complex-type	ContactPoint	false
Contract	resource	Contract	false
Contributor	complex-type	Contributor	false
Count	complex-type	Count	false
Coverage	resource	Coverage	false
CoverageEligibilityRequest	resource	CoverageEligibilityRequest	false
CoverageEligibilityResponse	resource	CoverageEligibilityResponse	false
DataRequirement	complex-type	DataRequirement	false
DetectedIssue	resource	DetectedIssue	false
Device	resource	Device	false
DeviceDefinition	resource	DeviceDefinition	false
DeviceMetric	resource	DeviceMetric	false
DeviceRequest	resource	DeviceRequest	false
DeviceUseStatement	resource	DeviceUseStatement	false
DiagnosticReport	resource	DiagnosticReport	false
Distance	complex-type	Distance	false
DocumentManifest	resource	DocumentManifest	false
DocumentReference	resource	DocumentReference	false
DomainResource	resource	DomainResource	true
Dosage	complex-type	Dosage	false
Duration	complex-type	Duration	false
EffectEvidenceSynthesis	resource	EffectEvidenceSynthesis	false
ElementDefinition	complex-type	ElementDefinition	false
Encounter	resource	Encounter	false
Endpoint	resource	Endpoint	false
EnrollmentRequest	resource	EnrollmentRequest	false
EnrollmentResponse	resource	EnrollmentResponse	false
EpisodeOfCare	resource	EpisodeOfCare	false
EventDefinition	resource	EventDefinition	false
Evidence	resource	Evidence	false
EvidenceVariable	resource	EvidenceVariable	false
ExampleScenario	resource	ExampleScenario	false
ExplanationOfBenefit	resource	ExplanationOfBenefit	false
Expression	complex-type	Expression	false
Extension	complex-type	Extension	false
FamilyMemberHistory	resource	FamilyMemberHistory	false
Flag	resource	Flag	false
Goal	resource	Goal	false
GraphDefinition	resource	GraphDefinition	false
Group	resource	Group	false
GuidanceResponse	resource	GuidanceResponse	false
HealthcareService	resource	HealthcareService	false
HumanName	complex-type	HumanName	false
Identifier	complex-type	Identifier	false
ImagingStudy	resource	ImagingStudy	false
Immunization	resource	Immunization	false
ImmunizationEvaluation	resource	ImmunizationEvaluation	false
ImmunizationRecommendation	resource	ImmunizationRecommendation	false
ImplementationGuide	resource	ImplementationGuide	false
InsurancePlan	resource	InsurancePlan	false
Invoice	resource	Invoice	false
Library	resource	Library	false
Linkage	resource	Linkage	false
List	resource	List	false
Location	resource	Location	false
MarketingStatus	complex-type	MarketingStatus	false
Measure	resource	Measure	false
MeasureReport	resource	MeasureReport	false
Media	resource	Media	false
Medication	resource	Medication	false
MedicationAdministration	resource	MedicationAdministration	false
MedicationDispense	resource	MedicationDispense	false
MedicationKnowledge	resource	MedicationKnowledge	false
MedicationRequest	resource	MedicationRequest	false
MedicationStatement	resource	MedicationStatement	false
MedicinalProduct	resource	MedicinalProduct	false
MedicinalProductAuthorization	resource	MedicinalProductAuthorization	false
MedicinalProductContraindication	resource	MedicinalProductContraindication	false
MedicinalProductIndication	resource	MedicinalProductIndication	false
MedicinalProductIngredient	resource	MedicinalProductIngredient	false
MedicinalProductInteraction	resource	MedicinalProductInteraction	false
MedicinalProductManufactured	resource	MedicinalProductManufactured	false
MedicinalProductPackaged	resource	MedicinalProductPackaged	false
MedicinalProductPharmaceutical	resource	MedicinalProductPharmaceutical	false
MedicinalProductUndesirableEffect	resource	MedicinalProductUndesirableEffect	false
MessageDefinition	resource	MessageDefinition	false
MessageHeader	resource	MessageHeader	false
Meta	complex-type	Meta	false
MolecularSequence	resource	MolecularSequence	false
Money	complex-type	Money	false
NamingSystem	resource	NamingSystem	false
Narrative	complex-type	Narrative	false
NutritionOrder	resource	NutritionOrder	false
Observation	resource	Observation	false
ObservationDefinition	resource	ObservationDefinition	false
OperationDefinition	resource	OperationDefinition	false
OperationOutcome	resource	OperationOutcome	false
Organization	resource	Organization	false
OrganizationAffiliation	resource	OrganizationAffiliation	false
ParameterDefinition	complex-type	ParameterDefinition	false
Parameters	resource	Parameters	false
Patient	resource	Patient	false
PaymentNotice	resource	PaymentNotice	false
PaymentReconciliation	resource	PaymentReconciliation	false
Period	complex-type	Period	false
Person	resource	Person	false
PlanDefinition	resource	PlanDefinition	false
Population	complex-type	Population	false
Practitioner	resource	Practitioner	false
PractitionerRole	resource	PractitionerRole	false
Procedure	resource	Procedure	false
ProdCharacteristic	complex-type	ProdCharacteristic	false
ProductShelfLife	complex-type	ProductShelfLife	false
Provenance	resource	Provenance	false
Quantity	complex-type	Quantity	false
Questionnaire	resource	Questionnaire	false
QuestionnaireResponse	resource	QuestionnaireResponse	false
Range	complex-type	Range	false
Ratio	complex-type	Ratio	false
Reference	complex-type	Reference	false
RelatedArtifact	complex-type	RelatedArtifact	false
RelatedPerson	resource	RelatedPerson	false
RequestGroup	resource	RequestGroup	false
ResearchDefinition	resource	ResearchDefinition	false
ResearchElementDefinition	resource	ResearchElementDefinition	false
ResearchStudy	resource	ResearchStudy	false
ResearchSubject	resource	ResearchSubject	false
RiskAssessment	resource	RiskAssessment	false
RiskEvidenceSynthesis	resource	RiskEvidenceSynthesis	false
SampledData	complex-type	SampledData	false
Schedule	resource	Schedule	false
SearchParameter	resource	SearchParameter	false
ServiceRequest	resource	ServiceRequest	false
Signature	complex-type	Signature	false
Slot	resource	Slot	false
Specimen	resource	Specimen	false
SpecimenDefinition	resource	SpecimenDefinition	false
StructureDefinition	resource	StructureDefinition	false
StructureMap	resource	StructureMap	false
Subscription	resource	Subscription	false
Substance	resource	Substance	false
SubstanceAmount	complex-type	SubstanceAmount	false
SubstanceNucleicAcid	resource	SubstanceNucleicAcid	false
SubstancePolymer	resource	SubstancePolymer	false
SubstanceProtein	resource	SubstanceProtein	false
SubstanceReferenceInformation	resource	SubstanceReferenceInformation	false
SubstanceSourceMaterial	resource	SubstanceSourceMaterial	false
SubstanceSpecification	resource	SubstanceSpecification	false
SupplyDelivery	resource	SupplyDelivery	false
SupplyRequest	resource	SupplyRequest	false
Task	resource	Task	false
TerminologyCapabilities	resource	TerminologyCapabilities	false
TestReport	resource	TestReport	false
TestScript	resource	TestScript	false
Timing	complex-type	Timing	false
TriggerDefinition	complex-type	TriggerDefinition	false
UsageContext	complex-type	UsageContext	false
ValueSet	resource	ValueSet	false
VerificationResult	resource	VerificationResult	false
VisionPrescription	resource	VisionPrescription	false
base64Binary	primitive-type	base64Binary	false
boolean	primitive-type	boolean	false
canonical	primitive-type	canonical	false
code	primitive-type	code	false
date	primitive-type	date	false
dateTime	primitive-type	dateTime	false
decimal	primitive-type	decimal	false
id	primitive-type	id	false
instant	primitive-type	instant	false
integer	primitive-type	integer	false
markdown	primitive-type	markdown	false
oid	primitive-type	oid	false
positiveInt	primitive-type	positiveInt	false
string	primitive-type	string	false
time	primitive-type	time	false
unsignedInt	primitive-type	unsignedInt	false
uri	primitive-type	uri	false
url	primitive-type	url	false
uuid	primitive-type	uuid	false
xhtml	primitive-type	xhtml	false
