DocumentReference	/home/jmandel/hobby/r6breaks/output/DocumentReference.report.json	17	0	14	1
OperationDefinition	/home/jmandel/hobby/r6breaks/output/OperationDefinition.report.json	14	0	14	1
AdverseEvent	/home/jmandel/hobby/r6breaks/output/AdverseEvent.report.json	14	0	13	1
DeviceRequest	/home/jmandel/hobby/r6breaks/output/DeviceRequest.report.json	13	0	13	1
NutritionOrder	/home/jmandel/hobby/r6breaks/output/NutritionOrder.report.json	16	0	13	1
Procedure	/home/jmandel/hobby/r6breaks/output/Procedure.report.json	14	0	13	1
Questionnaire	/home/jmandel/hobby/r6breaks/output/Questionnaire.report.json	13	0	13	1
Consent	/home/jmandel/hobby/r6breaks/output/Consent.report.json	13	0	12	1
Observation	/home/jmandel/hobby/r6breaks/output/Observation.report.json	13	0	12	1
ServiceRequest	/home/jmandel/hobby/r6breaks/output/ServiceRequest.report.json	15	0	12	1
Task	/home/jmandel/hobby/r6breaks/output/Task.report.json	12	0	12	1
AuditEvent	/home/jmandel/hobby/r6breaks/output/AuditEvent.report.json	11	0	11	1
DeviceDefinition	/home/jmandel/hobby/r6breaks/output/DeviceDefinition.report.json	13	0	11	1
DiagnosticReport	/home/jmandel/hobby/r6breaks/output/DiagnosticReport.report.json	11	0	11	1
Encounter	/home/jmandel/hobby/r6breaks/output/Encounter.report.json	13	0	11	1
MedicationAdministration	/home/jmandel/hobby/r6breaks/output/MedicationAdministration.report.json	11	0	11	1
MedicationRequest	/home/jmandel/hobby/r6breaks/output/MedicationRequest.report.json	14	0	11	1
MedicinalProduct	/home/jmandel/hobby/r6breaks/output/MedicinalProduct.report.json	11	0	11	1
ResearchStudy	/home/jmandel/hobby/r6breaks/output/ResearchStudy.report.json	12	0	11	1
Composition	/home/jmandel/hobby/r6breaks/output/Composition.report.json	11	0	10	1
ImagingStudy	/home/jmandel/hobby/r6breaks/output/ImagingStudy.report.json	12	0	10	1
Immunization	/home/jmandel/hobby/r6breaks/output/Immunization.report.json	13	0	10	1
Library	/home/jmandel/hobby/r6breaks/output/Library.report.json	10	0	10	1
MedicinalProductContraindication	/home/jmandel/hobby/r6breaks/output/MedicinalProductContraindication.report.json	11	0	10	1
MedicinalProductIndication	/home/jmandel/hobby/r6breaks/output/MedicinalProductIndication.report.json	10	0	10	1
MessageHeader	/home/jmandel/hobby/r6breaks/output/MessageHeader.report.json	10	0	10	1
ActivityDefinition	/home/jmandel/hobby/r6breaks/output/ActivityDefinition.report.json	11	0	9	1
Appointment	/home/jmandel/hobby/r6breaks/output/Appointment.report.json	12	0	9	1
Device	/home/jmandel/hobby/r6breaks/output/Device.report.json	12	0	9	1
ExplanationOfBenefit	/home/jmandel/hobby/r6breaks/output/ExplanationOfBenefit.report.json	11	0	9	1
Measure	/home/jmandel/hobby/r6breaks/output/Measure.report.json	9	0	9	1
MeasureReport	/home/jmandel/hobby/r6breaks/output/MeasureReport.report.json	10	0	9	1
MedicationDispense	/home/jmandel/hobby/r6breaks/output/MedicationDispense.report.json	11	0	9	1
MedicationStatement	/home/jmandel/hobby/r6breaks/output/MedicationStatement.report.json	11	0	9	1
MedicinalProductPackaged	/home/jmandel/hobby/r6breaks/output/MedicinalProductPackaged.report.json	9	0	9	1
PaymentReconciliation	/home/jmandel/hobby/r6breaks/output/PaymentReconciliation.report.json	9	0	9	1
QuestionnaireResponse	/home/jmandel/hobby/r6breaks/output/QuestionnaireResponse.report.json	10	0	9	1
SearchParameter	/home/jmandel/hobby/r6breaks/output/SearchParameter.report.json	10	0	9	1
TerminologyCapabilities	/home/jmandel/hobby/r6breaks/output/TerminologyCapabilities.report.json	9	0	9	1
BiologicallyDerivedProduct	/home/jmandel/hobby/r6breaks/output/BiologicallyDerivedProduct.report.json	8	0	8	1
Bundle	/home/jmandel/hobby/r6breaks/output/Bundle.report.json	8	0	8	1
CarePlan	/home/jmandel/hobby/r6breaks/output/CarePlan.report.json	9	0	8	1
DeviceMetric	/home/jmandel/hobby/r6breaks/output/DeviceMetric.report.json	9	0	8	1
EventDefinition	/home/jmandel/hobby/r6breaks/output/EventDefinition.report.json	9	0	8	1
FamilyMemberHistory	/home/jmandel/hobby/r6breaks/output/FamilyMemberHistory.report.json	8	0	8	1
Goal	/home/jmandel/hobby/r6breaks/output/Goal.report.json	8	0	8	1
Group	/home/jmandel/hobby/r6breaks/output/Group.report.json	10	0	8	1
InsurancePlan	/home/jmandel/hobby/r6breaks/output/InsurancePlan.report.json	8	0	8	1
Location	/home/jmandel/hobby/r6breaks/output/Location.report.json	8	0	8	1
MedicinalProductAuthorization	/home/jmandel/hobby/r6breaks/output/MedicinalProductAuthorization.report.json	9	0	8	1
MedicinalProductIngredient	/home/jmandel/hobby/r6breaks/output/MedicinalProductIngredient.report.json	10	0	8	1
MedicinalProductPharmaceutical	/home/jmandel/hobby/r6breaks/output/MedicinalProductPharmaceutical.report.json	9	0	8	1
ObservationDefinition	/home/jmandel/hobby/r6breaks/output/ObservationDefinition.report.json	8	0	8	1
Provenance	/home/jmandel/hobby/r6breaks/output/Provenance.report.json	11	0	8	1
StructureMap	/home/jmandel/hobby/r6breaks/output/StructureMap.report.json	9	0	8	1
SubstanceSpecification	/home/jmandel/hobby/r6breaks/output/SubstanceSpecification.report.json	9	0	8	1
ValueSet	/home/jmandel/hobby/r6breaks/output/ValueSet.report.json	10	0	8	1
BodyStructure	/home/jmandel/hobby/r6breaks/output/BodyStructure.report.json	7	0	7	1
CapabilityStatement	/home/jmandel/hobby/r6breaks/output/CapabilityStatement.report.json	10	0	7	1
ClaimResponse	/home/jmandel/hobby/r6breaks/output/ClaimResponse.report.json	9	0	7	1
CodeSystem	/home/jmandel/hobby/r6breaks/output/CodeSystem.report.json	8	0	7	1
CompartmentDefinition	/home/jmandel/hobby/r6breaks/output/CompartmentDefinition.report.json	7	0	7	1
ConceptMap	/home/jmandel/hobby/r6breaks/output/ConceptMap.report.json	7	0	7	1
Condition	/home/jmandel/hobby/r6breaks/output/Condition.report.json	8	0	7	1
CoverageEligibilityResponse	/home/jmandel/hobby/r6breaks/output/CoverageEligibilityResponse.report.json	8	0	7	1
DetectedIssue	/home/jmandel/hobby/r6breaks/output/DetectedIssue.report.json	8	0	7	1
ElementDefinition	/home/jmandel/hobby/r6breaks/output/ElementDefinition.report.json	8	0	7	1
ExampleScenario	/home/jmandel/hobby/r6breaks/output/ExampleScenario.report.json	8	0	7	1
HealthcareService	/home/jmandel/hobby/r6breaks/output/HealthcareService.report.json	7	0	7	1
ImplementationGuide	/home/jmandel/hobby/r6breaks/output/ImplementationGuide.report.json	8	0	7	1
Invoice	/home/jmandel/hobby/r6breaks/output/Invoice.report.json	7	0	7	1
Medication	/home/jmandel/hobby/r6breaks/output/Medication.report.json	9	0	7	1
MedicinalProductInteraction	/home/jmandel/hobby/r6breaks/output/MedicinalProductInteraction.report.json	8	0	7	1
MedicinalProductUndesirableEffect	/home/jmandel/hobby/r6breaks/output/MedicinalProductUndesirableEffect.report.json	8	0	7	1
Person	/home/jmandel/hobby/r6breaks/output/Person.report.json	7	0	7	1
PlanDefinition	/home/jmandel/hobby/r6breaks/output/PlanDefinition.report.json	9	0	7	1
RequestGroup	/home/jmandel/hobby/r6breaks/output/RequestGroup.report.json	11	0	7	1
ResearchElementDefinition	/home/jmandel/hobby/r6breaks/output/ResearchElementDefinition.report.json	7	0	7	1
Specimen	/home/jmandel/hobby/r6breaks/output/Specimen.report.json	9	0	7	1
StructureDefinition	/home/jmandel/hobby/r6breaks/output/StructureDefinition.report.json	9	0	7	1
Subscription	/home/jmandel/hobby/r6breaks/output/Subscription.report.json	9	0	7	1
Account	/home/jmandel/hobby/r6breaks/output/Account.report.json	6	0	6	1
AllergyIntolerance	/home/jmandel/hobby/r6breaks/output/AllergyIntolerance.report.json	6	0	6	1
CareTeam	/home/jmandel/hobby/r6breaks/output/CareTeam.report.json	7	0	6	1
Claim	/home/jmandel/hobby/r6breaks/output/Claim.report.json	11	0	6	1
Coverage	/home/jmandel/hobby/r6breaks/output/Coverage.report.json	7	0	6	1
Endpoint	/home/jmandel/hobby/r6breaks/output/Endpoint.report.json	6	0	6	1
EpisodeOfCare	/home/jmandel/hobby/r6breaks/output/EpisodeOfCare.report.json	6	0	6	1
MedicationKnowledge	/home/jmandel/hobby/r6breaks/output/MedicationKnowledge.report.json	6	0	6	1
MedicinalProductManufactured	/home/jmandel/hobby/r6breaks/output/MedicinalProductManufactured.report.json	6	0	6	1
MessageDefinition	/home/jmandel/hobby/r6breaks/output/MessageDefinition.report.json	6	0	6	1
Organization	/home/jmandel/hobby/r6breaks/output/Organization.report.json	6	0	6	1
SpecimenDefinition	/home/jmandel/hobby/r6breaks/output/SpecimenDefinition.report.json	7	0	6	1
CommunicationRequest	/home/jmandel/hobby/r6breaks/output/CommunicationRequest.report.json	6	0	5	1
Contract	/home/jmandel/hobby/r6breaks/output/Contract.report.json	5	0	5	1
Dosage	/home/jmandel/hobby/r6breaks/output/Dosage.report.json	6	0	5	1
EffectEvidenceSynthesis	/home/jmandel/hobby/r6breaks/output/EffectEvidenceSynthesis.report.json	5	0	5	1
Evidence	/home/jmandel/hobby/r6breaks/output/Evidence.report.json	5	0	5	1
EvidenceVariable	/home/jmandel/hobby/r6breaks/output/EvidenceVariable.report.json	6	0	5	1
GuidanceResponse	/home/jmandel/hobby/r6breaks/output/GuidanceResponse.report.json	6	0	5	1
NamingSystem	/home/jmandel/hobby/r6breaks/output/NamingSystem.report.json	5	0	5	1
OrganizationAffiliation	/home/jmandel/hobby/r6breaks/output/OrganizationAffiliation.report.json	5	0	5	1
Practitioner	/home/jmandel/hobby/r6breaks/output/Practitioner.report.json	6	0	5	1
Schedule	/home/jmandel/hobby/r6breaks/output/Schedule.report.json	5	0	5	1
Substance	/home/jmandel/hobby/r6breaks/output/Substance.report.json	5	0	5	1
TriggerDefinition	/home/jmandel/hobby/r6breaks/output/TriggerDefinition.report.json	5	0	5	1
Attachment	/home/jmandel/hobby/r6breaks/output/Attachment.report.json	4	0	4	1
ChargeItemDefinition	/home/jmandel/hobby/r6breaks/output/ChargeItemDefinition.report.json	4	0	4	1
Communication	/home/jmandel/hobby/r6breaks/output/Communication.report.json	5	0	4	1
DomainResource	/home/jmandel/hobby/r6breaks/output/DomainResource.report.json	4	0	4	1
Flag	/home/jmandel/hobby/r6breaks/output/Flag.report.json	4	0	4	1
List	/home/jmandel/hobby/r6breaks/output/List.report.json	4	0	4	1
Parameters	/home/jmandel/hobby/r6breaks/output/Parameters.report.json	4	0	4	1
Patient	/home/jmandel/hobby/r6breaks/output/Patient.report.json	4	0	4	1
PaymentNotice	/home/jmandel/hobby/r6breaks/output/PaymentNotice.report.json	4	0	4	1
RelatedPerson	/home/jmandel/hobby/r6breaks/output/RelatedPerson.report.json	4	0	4	1
ResearchSubject	/home/jmandel/hobby/r6breaks/output/ResearchSubject.report.json	5	0	4	1
RiskAssessment	/home/jmandel/hobby/r6breaks/output/RiskAssessment.report.json	4	0	4	1
RiskEvidenceSynthesis	/home/jmandel/hobby/r6breaks/output/RiskEvidenceSynthesis.report.json	5	0	4	1
SampledData	/home/jmandel/hobby/r6breaks/output/SampledData.report.json	5	0	4	1
AppointmentResponse	/home/jmandel/hobby/r6breaks/output/AppointmentResponse.report.json	6	0	3	1
Basic	/home/jmandel/hobby/r6breaks/output/Basic.report.json	3	0	3	1
ChargeItem	/home/jmandel/hobby/r6breaks/output/ChargeItem.report.json	3	0	3	1
Contributor	/home/jmandel/hobby/r6breaks/output/Contributor.report.json	3	0	3	1
CoverageEligibilityRequest	/home/jmandel/hobby/r6breaks/output/CoverageEligibilityRequest.report.json	3	0	3	1
DataRequirement	/home/jmandel/hobby/r6breaks/output/DataRequirement.report.json	3	0	3	1
DeviceUseStatement	/home/jmandel/hobby/r6breaks/output/DeviceUseStatement.report.json	3	0	3	1
Element	/home/jmandel/hobby/r6breaks/output/Element.report.json	3	0	3	1
Expression	/home/jmandel/hobby/r6breaks/output/Expression.report.json	3	0	3	1
Extension	/home/jmandel/hobby/r6breaks/output/Extension.report.json	3	0	3	1
Identifier	/home/jmandel/hobby/r6breaks/output/Identifier.report.json	3	0	3	1
MarketingStatus	/home/jmandel/hobby/r6breaks/output/MarketingStatus.report.json	3	0	3	1
Meta	/home/jmandel/hobby/r6breaks/output/Meta.report.json	3	0	3	1
OperationOutcome	/home/jmandel/hobby/r6breaks/output/OperationOutcome.report.json	3	0	3	1
PractitionerRole	/home/jmandel/hobby/r6breaks/output/PractitionerRole.report.json	4	0	3	1
ProdCharacteristic	/home/jmandel/hobby/r6breaks/output/ProdCharacteristic.report.json	3	0	3	1
Reference	/home/jmandel/hobby/r6breaks/output/Reference.report.json	3	0	3	1
RelatedArtifact	/home/jmandel/hobby/r6breaks/output/RelatedArtifact.report.json	4	0	3	1
Resource	/home/jmandel/hobby/r6breaks/output/Resource.report.json	3	0	3	1
SubstancePolymer	/home/jmandel/hobby/r6breaks/output/SubstancePolymer.report.json	3	0	3	1
SubstanceSourceMaterial	/home/jmandel/hobby/r6breaks/output/SubstanceSourceMaterial.report.json	3	0	3	1
Timing	/home/jmandel/hobby/r6breaks/output/Timing.report.json	4	0	3	1
Address	/home/jmandel/hobby/r6breaks/output/Address.report.json	3	0	2	1
Coding	/home/jmandel/hobby/r6breaks/output/Coding.report.json	2	0	2	1
Count	/home/jmandel/hobby/r6breaks/output/Count.report.json	2	0	2	1
dateTime	/home/jmandel/hobby/r6breaks/output/dateTime.report.json	2	0	2	1
EnrollmentResponse	/home/jmandel/hobby/r6breaks/output/EnrollmentResponse.report.json	2	0	2	1
markdown	/home/jmandel/hobby/r6breaks/output/markdown.report.json	2	0	2	1
Population	/home/jmandel/hobby/r6breaks/output/Population.report.json	2	0	2	1
positiveInt	/home/jmandel/hobby/r6breaks/output/positiveInt.report.json	2	0	2	1
Quantity	/home/jmandel/hobby/r6breaks/output/Quantity.report.json	2	0	2	1
Slot	/home/jmandel/hobby/r6breaks/output/Slot.report.json	2	0	2	1
SubstanceProtein	/home/jmandel/hobby/r6breaks/output/SubstanceProtein.report.json	2	0	2	1
unsignedInt	/home/jmandel/hobby/r6breaks/output/unsignedInt.report.json	2	0	2	1
UsageContext	/home/jmandel/hobby/r6breaks/output/UsageContext.report.json	2	0	2	1
VisionPrescription	/home/jmandel/hobby/r6breaks/output/VisionPrescription.report.json	2	0	2	1
Age	/home/jmandel/hobby/r6breaks/output/Age.report.json	1	0	1	1
Annotation	/home/jmandel/hobby/r6breaks/output/Annotation.report.json	1	0	1	1
BackboneElement	/home/jmandel/hobby/r6breaks/output/BackboneElement.report.json	1	0	1	1
base64Binary	/home/jmandel/hobby/r6breaks/output/base64Binary.report.json	1	0	1	1
Binary	/home/jmandel/hobby/r6breaks/output/Binary.report.json	1	0	1	1
canonical	/home/jmandel/hobby/r6breaks/output/canonical.report.json	1	0	1	1
code	/home/jmandel/hobby/r6breaks/output/code.report.json	1	0	1	1
ContactPoint	/home/jmandel/hobby/r6breaks/output/ContactPoint.report.json	1	0	1	1
Distance	/home/jmandel/hobby/r6breaks/output/Distance.report.json	1	0	1	1
Duration	/home/jmandel/hobby/r6breaks/output/Duration.report.json	1	0	1	1
EnrollmentRequest	/home/jmandel/hobby/r6breaks/output/EnrollmentRequest.report.json	1	0	1	1
HumanName	/home/jmandel/hobby/r6breaks/output/HumanName.report.json	1	0	1	1
instant	/home/jmandel/hobby/r6breaks/output/instant.report.json	1	0	1	1
integer	/home/jmandel/hobby/r6breaks/output/integer.report.json	1	0	1	1
Money	/home/jmandel/hobby/r6breaks/output/Money.report.json	1	0	1	1
Narrative	/home/jmandel/hobby/r6breaks/output/Narrative.report.json	1	0	1	1
oid	/home/jmandel/hobby/r6breaks/output/oid.report.json	1	0	1	1
ParameterDefinition	/home/jmandel/hobby/r6breaks/output/ParameterDefinition.report.json	1	0	1	1
Period	/home/jmandel/hobby/r6breaks/output/Period.report.json	1	0	1	1
Range	/home/jmandel/hobby/r6breaks/output/Range.report.json	1	0	1	1
Ratio	/home/jmandel/hobby/r6breaks/output/Ratio.report.json	1	0	1	1
string	/home/jmandel/hobby/r6breaks/output/string.report.json	1	0	1	1
time	/home/jmandel/hobby/r6breaks/output/time.report.json	1	0	1	1
url	/home/jmandel/hobby/r6breaks/output/url.report.json	1	0	1	1
uuid	/home/jmandel/hobby/r6breaks/output/uuid.report.json	1	0	1	1
Media	/home/jmandel/hobby/r6breaks/output/Media.report.json	8	0	8	2
ImmunizationRecommendation	/home/jmandel/hobby/r6breaks/output/ImmunizationRecommendation.report.json	4	0	4	2
MolecularSequence	/home/jmandel/hobby/r6breaks/output/MolecularSequence.report.json	4	0	4	2
SubstanceNucleicAcid	/home/jmandel/hobby/r6breaks/output/SubstanceNucleicAcid.report.json	4	0	4	2
CatalogEntry	/home/jmandel/hobby/r6breaks/output/CatalogEntry.report.json	3	0	3	2
GraphDefinition	/home/jmandel/hobby/r6breaks/output/GraphDefinition.report.json	3	0	3	2
ImmunizationEvaluation	/home/jmandel/hobby/r6breaks/output/ImmunizationEvaluation.report.json	3	0	3	2
Linkage	/home/jmandel/hobby/r6breaks/output/Linkage.report.json	3	0	3	2
ProductShelfLife	/home/jmandel/hobby/r6breaks/output/ProductShelfLife.report.json	3	0	3	2
Signature	/home/jmandel/hobby/r6breaks/output/Signature.report.json	3	0	3	2
SubstanceReferenceInformation	/home/jmandel/hobby/r6breaks/output/SubstanceReferenceInformation.report.json	3	0	3	2
SupplyDelivery	/home/jmandel/hobby/r6breaks/output/SupplyDelivery.report.json	3	0	3	2
SupplyRequest	/home/jmandel/hobby/r6breaks/output/SupplyRequest.report.json	3	0	3	2
TestScript	/home/jmandel/hobby/r6breaks/output/TestScript.report.json	3	0	3	2
VerificationResult	/home/jmandel/hobby/r6breaks/output/VerificationResult.report.json	3	0	3	2
ClinicalImpression	/home/jmandel/hobby/r6breaks/output/ClinicalImpression.report.json	2	0	2	2
DocumentManifest	/home/jmandel/hobby/r6breaks/output/DocumentManifest.report.json	2	0	2	2
ResearchDefinition	/home/jmandel/hobby/r6breaks/output/ResearchDefinition.report.json	2	0	2	2
SubstanceAmount	/home/jmandel/hobby/r6breaks/output/SubstanceAmount.report.json	2	0	2	2
decimal	/home/jmandel/hobby/r6breaks/output/decimal.report.json	1	0	1	2
TestReport	/home/jmandel/hobby/r6breaks/output/TestReport.report.json	1	0	1	2
id	/home/jmandel/hobby/r6breaks/output/id.report.json	1	0	0	3
